sku,title,description,price,retail_price,images,category,sub_category,brand,width,height,depth,location
2264765,Russell Wright for Conant Ball Coffee Table in Coral Lacquer,Russel Wright for Conant Ball round maple table in the perfect hue of coral lacquer. Perfectly proportioned and elegantly appointed.,1800,"2,850","['https://chairish-prod.freetls.fastly.net/image/product/sized/da208699-77d4-4447-822e-d20e09607bed/russell-wright-for-conant-ball-coffee-table-in-coral-lacquer-3325', 'https://chairish-prod.freetls.fastly.net/image/product/sized/c4602f4a-11a0-4d88-a89f-a53e10eb354b/russell-wright-for-conant-ball-coffee-table-in-coral-lacquer-4553', 'https://chairish-prod.freetls.fastly.net/image/product/sized/068dac1d-825f-4a74-b9d9-447a3ebd59a6/russell-wright-for-conant-ball-coffee-table-in-coral-lacquer-4820', 'https://chairish-prod.freetls.fastly.net/image/product/sized/da208699-77d4-4447-822e-d20e09607bed/russell-wright-for-conant-ball-coffee-table-in-coral-lacquer-3325']",Furniture,Tables,Conant Ball,34,14,34,"San Francisco, CA"
7069378,1960s Stiffel Venetian Torchiere Floor Lamps - a Pair,"Slim and regal pair of Venetian inspired torchiers. Brass hardware with hand cut screens and mica shades. A stunning, rare and unique pair of lamps made by Stiffel c. 1967. Weighted base with glorious caste detail. Whether your style is Italian, Gothic, or you want something to illuminate your Arabian Nights, these beautifully made lamps are subtle because of their slim profile, but still have a lot of presence because of the beautifully detailed surfaces. Use to frame a window, sofa or bed. Excellent for minimal, eclectic, period or traditional rooms.",3800,,"['https://chairish-prod.freetls.fastly.net/image/product/sized/60b2a445-c888-4f37-97db-19f4449f0b86/1960s-stiffel-venetian-torchiere-floor-lamps-a-pair-0437', 'https://chairish-prod.freetls.fastly.net/image/product/sized/1808fd0e-eb74-46fc-9eb6-6542777ea64e/1960s-stiffel-venetian-torchiere-floor-lamps-a-pair-8226', 'https://chairish-prod.freetls.fastly.net/image/product/sized/a822c655-e856-4cd7-8db0-be82a2e0265c/1960s-stiffel-venetian-torchiere-floor-lamps-a-pair-8361', 'https://chairish-prod.freetls.fastly.net/image/product/sized/39350ff4-4583-465c-bfda-a5e9808f91dd/1960s-stiffel-venetian-torchiere-floor-lamps-a-pair-4804', 'https://chairish-prod.freetls.fastly.net/image/product/sized/57a91dd7-e0e8-4007-bd73-4454a8c5d4a7/1960s-stiffel-venetian-torchiere-floor-lamps-a-pair-5409', 'https://chairish-prod.freetls.fastly.net/image/product/sized/1809baa0-dba1-4616-a4d7-d38b282e157a/1960s-stiffel-venetian-torchiere-floor-lamps-a-pair-7932', 'https://chairish-prod.freetls.fastly.net/image/product/sized/60b2a445-c888-4f37-97db-19f4449f0b86/1960s-stiffel-venetian-torchiere-floor-lamps-a-pair-0437']",Lighting,Lamps,,8,68,8,"San Francisco, CA"
6068026,1930s Malian Chi-Wara Head Crests- a Pair,"Ethnographic work of art by Bambara people;  The Ch-wara headcrest is a symbol spring, rebirth and an excellent harvest.  A chimera representing a combination of Antelope, Aardvark and Pangolin, the Chi-Wara headcrest is a beautifully sculptural object.  From the 1920&#x27;s 30s, this pairs geometric rhythm suggest the art deco influence of early modernity.  Both headcrests are stably set into metal pedestals, one in steel and the other in solid bronze.  

Bronze Base: 46&quot; x 10.5&quot; x 4&quot;

Steel Base: 39&quot; x 12&quot; x 4&quot;",1450,,"['https://chairish-prod.freetls.fastly.net/image/product/sized/b69045cb-c174-4a71-b75a-df82c184362b/1930s-malian-chi-wara-head-crests-a-pair-1591', 'https://chairish-prod.freetls.fastly.net/image/product/sized/abd05807-17c9-440d-8eb5-3049ce64e7db/1930s-malian-chi-wara-head-crests-a-pair-3341', 'https://chairish-prod.freetls.fastly.net/image/product/sized/3927c911-cee8-4a59-8c16-77a92743e44c/1930s-malian-chi-wara-head-crests-a-pair-7426', 'https://chairish-prod.freetls.fastly.net/image/product/sized/c19908e7-de3e-4ee5-adc1-f3e5cfb7b4aa/1930s-malian-chi-wara-head-crests-a-pair-5608', 'https://chairish-prod.freetls.fastly.net/image/product/sized/aa2c7364-750c-4f58-90de-0daef5784341/1930s-malian-chi-wara-head-crests-a-pair-3762', 'https://chairish-prod.freetls.fastly.net/image/product/sized/b69045cb-c174-4a71-b75a-df82c184362b/1930s-malian-chi-wara-head-crests-a-pair-1591']",Decor,Room Accents & Accessories,,4,46,10,"San Francisco, CA"
2264760,Vintage Chinese Pedestal in Tones of Watery Blues and Greens,Vintage Chinese pedestal in watery gradations of blue turquoise to deep forest green. Original finish with Art Deco floral and geometric cutouts. Largerr matching pedestal also available separately.,1800,"3,700","['https://chairish-prod.freetls.fastly.net/image/product/sized/469f2848-a1b5-4872-bc48-43229632acd4/vintage-chinese-pedestal-in-tones-of-watery-blues-and-greens-1929', 'https://chairish-prod.freetls.fastly.net/image/product/sized/6f60596e-5939-475d-80e0-df8066e7ddfd/vintage-chinese-pedestal-in-tones-of-watery-blues-and-greens-1028', 'https://chairish-prod.freetls.fastly.net/image/product/sized/5a1054f7-3732-4152-b678-3e8663a00fac/vintage-chinese-pedestal-in-tones-of-watery-blues-and-greens-8881', 'https://chairish-prod.freetls.fastly.net/image/product/sized/82ca2b27-b0a2-497d-97cf-be9415f3d383/vintage-chinese-pedestal-in-tones-of-watery-blues-and-greens-5960', 'https://chairish-prod.freetls.fastly.net/image/product/sized/332a1433-4731-46fd-8742-8fdecda0d1de/vintage-chinese-pedestal-in-tones-of-watery-blues-and-greens-0087', 'https://chairish-prod.freetls.fastly.net/image/product/sized/469f2848-a1b5-4872-bc48-43229632acd4/vintage-chinese-pedestal-in-tones-of-watery-blues-and-greens-1929']",Decor,Pedestals & Columns,,15,33,15,"San Francisco, CA"
7787753,Late 19th Century Dark Academia Table Lamp,"The perfect adjustable lamp for your study, kunstkammer, laboratory or bedside.  Made from antique lab equipment, these lamps feature solid cast iron construction with an all glass base.  Easily adjustable in height, and direction.  A minimalist style perfect for for modern or historic interiors.  Pair with Dark antiques, or clean modern looks.  Features cloth cord and deco style plugs for a truly unique look. Coordinating lamp available if you need a pair.  A Maison Lobo original design.",550,,"['https://chairish-prod.freetls.fastly.net/image/product/sized/3c5b8e1d-a7d5-4a2d-aea9-612a5a91091e/late-19th-century-dark-academia-table-lamp-7580', 'https://chairish-prod.freetls.fastly.net/image/product/sized/7ea780f9-4a31-4da6-bdc9-8a5a377dbd52/late-19th-century-dark-academia-table-lamp-7378', 'https://chairish-prod.freetls.fastly.net/image/product/sized/34d26f9d-fd71-42d3-8a7b-dcaef8e1ecbd/late-19th-century-dark-academia-table-lamp-3725', 'https://chairish-prod.freetls.fastly.net/image/product/sized/a4b8e754-97c5-4d38-afa2-ac6218844e0c/late-19th-century-dark-academia-table-lamp-1467', 'https://chairish-prod.freetls.fastly.net/image/product/sized/bd27dd62-9358-4e05-b1c9-d6655f45b015/late-19th-century-dark-academia-table-lamp-0869', 'https://chairish-prod.freetls.fastly.net/image/product/sized/0351bb01-cc33-440a-a090-48ebd001e0e9/late-19th-century-dark-academia-table-lamp-3393', 'https://chairish-prod.freetls.fastly.net/image/product/sized/3c5b8e1d-a7d5-4a2d-aea9-612a5a91091e/late-19th-century-dark-academia-table-lamp-7580']",Lighting,Lamps,,12,32,7,"San Francisco, CA"
3449868,1980s Bold Yellow Faux Bamboo Etageres,A beautiful pair of Regency or Chinoiserie etageres in a rich brilliant yellow enameled steel. Shelves are removable marbleized porcelain in rich tones of matte white with steel blue to deep charcoal veining. Each shelf board is unique due to the glazing process. Identical shelving is solid with clean welds and unique dual ring appliques that imitate bamboo. A modernist take on a classic design. Can be used as shelving in a living area or positioned bedside. Middle shelf is 29&quot; high while each shelf measures 24.25&quot; w X 12.25&quot; d. Yellow is more egg yolk than canary.,3800,"4,800","['https://chairish-prod.freetls.fastly.net/image/product/sized/81179200-699d-4447-9b72-240f4d272c10/1980s-bold-yellow-faux-bamboo-etageres-9783', 'https://chairish-prod.freetls.fastly.net/image/product/sized/6f723235-2d58-4aec-88e7-ca58e3da144b/1980s-bold-yellow-faux-bamboo-etageres-8172', 'https://chairish-prod.freetls.fastly.net/image/product/sized/b8587950-3706-4912-88ed-13cc81060005/1980s-bold-yellow-faux-bamboo-etageres-2753', 'https://chairish-prod.freetls.fastly.net/image/product/sized/2c2d9ae6-0c66-4e98-9420-6ea496a5859d/1980s-bold-yellow-faux-bamboo-etageres-8723', 'https://chairish-prod.freetls.fastly.net/image/product/sized/39adf1c1-2c28-4528-b426-67a1cc20a00b/1980s-bold-yellow-faux-bamboo-etageres-4106', 'https://chairish-prod.freetls.fastly.net/image/product/sized/81179200-699d-4447-9b72-240f4d272c10/1980s-bold-yellow-faux-bamboo-etageres-9783']",Furniture,Casegoods & Storage,,26,73,14,"San Francisco, CA"
7797394,1960s Majolica Seal Point Cat Figurine,A beautifully rendered sculpture of a mischievous pampered Siamese Cat.  Perched on a beautiful venetian pillow and adorned by a matching amulet.  Sumptuous colors and fine representation.  Classic Italian Majolica.,350,,"['https://chairish-prod.freetls.fastly.net/image/product/sized/19c133b4-e9ff-4866-9d93-bbc76d6cee1d/1960s-majolica-seal-point-cat-figurine-2608', 'https://chairish-prod.freetls.fastly.net/image/product/sized/83f10a7f-9c9c-4b24-987e-2940bc599fda/1960s-majolica-seal-point-cat-figurine-4444', 'https://chairish-prod.freetls.fastly.net/image/product/sized/9bf97dd8-4ea4-4378-a475-e62a29afed89/1960s-majolica-seal-point-cat-figurine-8307', 'https://chairish-prod.freetls.fastly.net/image/product/sized/e1d7204d-be09-41cc-b505-f65b4b497f19/1960s-majolica-seal-point-cat-figurine-4663', 'https://chairish-prod.freetls.fastly.net/image/product/sized/c8aceddf-1fee-4a61-a12a-20f97fcfc32a/1960s-majolica-seal-point-cat-figurine-1620', 'https://chairish-prod.freetls.fastly.net/image/product/sized/19c133b4-e9ff-4866-9d93-bbc76d6cee1d/1960s-majolica-seal-point-cat-figurine-2608']",Decor,Room Accents & Accessories,,7,12,5,"San Francisco, CA"
5506915,1950s Italian Side Chairs- a Pair,"An extremely elegant pair of modern chairs with original upholstery. Detailed legs are solid hardwood.  A perfect pair of chairs for a small dining table, boudoir or living room.   Made in Italy and imported by Maison Lobo.  A finishing detail for your Gio Ponti inspired room.  Blend seamlessly with Danish Modern and French Art Deco.",2400,,"['https://chairish-prod.freetls.fastly.net/image/product/sized/65313711-5a40-4012-957a-7c3559d2122a/1950s-italian-side-chairs-a-pair-8417', 'https://chairish-prod.freetls.fastly.net/image/product/sized/4aa73ab2-6ed2-4855-9e33-58a380181d41/1950s-italian-side-chairs-a-pair-0205', 'https://chairish-prod.freetls.fastly.net/image/product/sized/03217453-16fe-48df-9af4-56489f71b12c/1950s-italian-side-chairs-a-pair-7838', 'https://chairish-prod.freetls.fastly.net/image/product/sized/1dfabcd7-f1b1-412b-b990-6f4956a7759a/1950s-italian-side-chairs-a-pair-9501', 'https://chairish-prod.freetls.fastly.net/image/product/sized/65313711-5a40-4012-957a-7c3559d2122a/1950s-italian-side-chairs-a-pair-8417']",Furniture,Seating,Carlo de Carli,19,30,20,"San Francisco, CA"
3447125,Mid 20th Century Robsjohn-Gibbings Geometric Side Table,The pure geometry of T.H. Robsjohn-Gibbings. A perfect end tables by the master of mid-century design. The interplay of rectilinear lines create the perfect blend of dynamic interplay. Original bleached mahogany finish. Solid vintage condition. Perfect for refinishing in a beautiful lacquer or keep as is.,950,"2,850","['https://chairish-prod.freetls.fastly.net/image/product/sized/1639c87d-249a-442b-8986-b279fcc4a172/mid-20th-century-robsjohn-gibbings-geometric-side-table-1948', 'https://chairish-prod.freetls.fastly.net/image/product/sized/d729c849-9ffd-4aa5-835b-c2d3ac26be69/mid-20th-century-robsjohn-gibbings-geometric-side-table-3912', 'https://chairish-prod.freetls.fastly.net/image/product/sized/64488ff2-0863-4ead-8919-b01ed346525d/mid-20th-century-robsjohn-gibbings-geometric-side-table-6855', 'https://chairish-prod.freetls.fastly.net/image/product/sized/711a8ab4-73f3-42aa-9ce7-f90b0d2ea5ba/mid-20th-century-robsjohn-gibbings-geometric-side-table-3969', 'https://chairish-prod.freetls.fastly.net/image/product/sized/1db5beb3-9ddc-400a-9f9e-2fb1c8bea239/mid-20th-century-robsjohn-gibbings-geometric-side-table-4286', 'https://chairish-prod.freetls.fastly.net/image/product/sized/bd5416e8-7f75-4346-95de-49a784f4f3ca/mid-20th-century-robsjohn-gibbings-geometric-side-table-2650', 'https://chairish-prod.freetls.fastly.net/image/product/sized/b104d162-1a1a-4f53-8b6d-daa276e9d4b6/mid-20th-century-robsjohn-gibbings-geometric-side-table-2374', 'https://chairish-prod.freetls.fastly.net/image/product/sized/1639c87d-249a-442b-8986-b279fcc4a172/mid-20th-century-robsjohn-gibbings-geometric-side-table-1948']",Furniture,Tables,Widdicomb,30,25,18,"San Francisco, CA"
2890811,Early 20th Century Japanese Drum Table,A wonderfully carved Asian Drum Table / Stool adorned with dragon and cloud motif.  A perfect addition to any room.  Carved mahogany with a beautifully patinated finish and marble top.  Sturdy.  An exceptional example at home in just about any interior.,1250,,"['https://chairish-prod.freetls.fastly.net/image/product/sized/3a37cf9c-8e38-440f-8741-430fb8866d6d/early-20th-century-japanese-drum-table-6369', 'https://chairish-prod.freetls.fastly.net/image/product/sized/71e33d1d-a7d5-41c3-8ae9-00bcb415ffbd/early-20th-century-japanese-drum-table-3794', 'https://chairish-prod.freetls.fastly.net/image/product/sized/44370e35-3e04-45e5-9dc1-c03eeb5a423f/early-20th-century-japanese-drum-table-0510', 'https://chairish-prod.freetls.fastly.net/image/product/sized/afe9efec-6b38-4ca7-8b8e-e1f53d40cdcb/early-20th-century-japanese-drum-table-1026', 'https://chairish-prod.freetls.fastly.net/image/product/sized/3a37cf9c-8e38-440f-8741-430fb8866d6d/early-20th-century-japanese-drum-table-6369']",Furniture,Tables,,19,19,19,"San Francisco, CA"
5942838,1950s Paolo Buffa Style Italian Upholstered Chairs - a Pair,"An iconic pair of Paolo Buffa style Chairs with original floral upholstery.  A beautiful study in geometry,   Perfect in a minimalist or maximalist setting.   Change up the upholstery for a minimal look or leave as is for a cozy maximalist look.  Great structural shape, with some wear consistent with age. Imported directly from Italy.",2850,,"['https://chairish-prod.freetls.fastly.net/image/product/sized/baf18826-3391-49f7-aebb-27c61b30d077/1950s-paolo-buffa-style-italian-upholstered-chairs-a-pair-2667', 'https://chairish-prod.freetls.fastly.net/image/product/sized/75a54be6-8878-40e4-b5c8-e4c3df172c9f/1950s-paolo-buffa-style-italian-upholstered-chairs-a-pair-7427', 'https://chairish-prod.freetls.fastly.net/image/product/sized/2c30c851-e953-45ef-bc6c-6eee9ce20cd3/1950s-paolo-buffa-style-italian-upholstered-chairs-a-pair-3802', 'https://chairish-prod.freetls.fastly.net/image/product/sized/3025a951-4527-4178-8f72-57481e3d50bc/1950s-paolo-buffa-style-italian-upholstered-chairs-a-pair-0676', 'https://chairish-prod.freetls.fastly.net/image/product/sized/741514b9-fd1c-478d-b627-196d9fdbe124/1950s-paolo-buffa-style-italian-upholstered-chairs-a-pair-8152', 'https://chairish-prod.freetls.fastly.net/image/product/sized/84f9e68c-a64b-428d-a516-bc095c325282/1950s-paolo-buffa-style-italian-upholstered-chairs-a-pair-3840', 'https://chairish-prod.freetls.fastly.net/image/product/sized/baf18826-3391-49f7-aebb-27c61b30d077/1950s-paolo-buffa-style-italian-upholstered-chairs-a-pair-2667']",Furniture,Seating,Paolo Buffa,26,35,24,"San Francisco, CA"
6068141,1950s Robsjohn Gibbings Side Table,"The perfect geometry of Robsjohn-Gibbings in a blond finish.  A clean, round table that exemplifies pure modernist design.  Coordinating step table also available.  Ready to be refinished, lacquered or matte finished. Brass Widdicomb tag on underside and T.H. Robsjohn-Gibbings stenciling on underside.",950,,"['https://chairish-prod.freetls.fastly.net/image/product/sized/66d5c11a-da44-416d-9e59-465fc5dd7497/1950s-robsjohn-gibbings-side-table-9165', 'https://chairish-prod.freetls.fastly.net/image/product/sized/0244219d-fae1-42ba-b961-058b60b5330d/1950s-robsjohn-gibbings-side-table-9064', 'https://chairish-prod.freetls.fastly.net/image/product/sized/9dd784f1-f6d6-488c-bd9b-b1f38528dac2/1950s-robsjohn-gibbings-side-table-4776', 'https://chairish-prod.freetls.fastly.net/image/product/sized/a5c9ba95-cbe9-4238-86ce-599a13607a02/1950s-robsjohn-gibbings-side-table-6707', 'https://chairish-prod.freetls.fastly.net/image/product/sized/66d5c11a-da44-416d-9e59-465fc5dd7497/1950s-robsjohn-gibbings-side-table-9165']",Furniture,Tables,Widdicomb,26,25,26,"San Francisco, CA"
7465203,1930s Fontana Arte Wall Sconces - a Pair,A beautiful pair of wall sconces and brass by masters of lighting Fontana Arte.  Made in Italay c. 1936.   Hand formed brass leaves delicately frame rich peacock blue Murano glass shades.  Ready to hardwire or use how they are with candles.,2800,,"['https://chairish-prod.freetls.fastly.net/image/product/sized/36be554d-e9db-4aad-9374-66565cb29857/1930s-fontana-arte-wall-sconces-a-pair-7395', 'https://chairish-prod.freetls.fastly.net/image/product/sized/bc4a1639-9f4d-4a6e-9976-17f2ece1d296/1930s-fontana-arte-wall-sconces-a-pair-1132', 'https://chairish-prod.freetls.fastly.net/image/product/sized/5e2b3f96-0890-43db-92af-54af893f4854/1930s-fontana-arte-wall-sconces-a-pair-6190', 'https://chairish-prod.freetls.fastly.net/image/product/sized/73ab47fd-da7a-47bf-92bd-3ca928671077/1930s-fontana-arte-wall-sconces-a-pair-5750', 'https://chairish-prod.freetls.fastly.net/image/product/sized/d6679971-28fb-4c94-9dce-d5e84f99fb1f/1930s-fontana-arte-wall-sconces-a-pair-7016', 'https://chairish-prod.freetls.fastly.net/image/product/sized/bebd07d7-b054-4755-bb0c-6f6681086d9e/1930s-fontana-arte-wall-sconces-a-pair-0453', 'https://chairish-prod.freetls.fastly.net/image/product/sized/0363a3f9-b7fa-47e6-8fe8-dec6e2ce11e5/1930s-fontana-arte-wall-sconces-a-pair-6014', 'https://chairish-prod.freetls.fastly.net/image/product/sized/1872b852-57b3-4b4b-973f-a99645f2d46d/1930s-fontana-arte-wall-sconces-a-pair-0632', 'https://chairish-prod.freetls.fastly.net/image/product/sized/36be554d-e9db-4aad-9374-66565cb29857/1930s-fontana-arte-wall-sconces-a-pair-7395']",Lighting,Sconces & Wall Lights,Fontana Arte,10,10,4,"San Francisco, CA"
6068183,1970s Brown Saltman Cocktail Table,"Masculine, geometric table by Brown Saltman.  Perfect for a groovy lodge look or a swinging bachelor pad.   Sophisticated lines, in sturdy materials.  Solid hardwood pecan with channeled leather trim.  Very solid and heavy glamorously thick glass top. Excellent condition.  Matching side table available.",1550,,"['https://chairish-prod.freetls.fastly.net/image/product/sized/2f983840-d73d-4b10-8d58-28090490791f/1970s-brown-saltman-cocktail-table-9012', 'https://chairish-prod.freetls.fastly.net/image/product/sized/c0450bf7-5fc2-43a6-87a7-2c07023c5385/1970s-brown-saltman-cocktail-table-3800', 'https://chairish-prod.freetls.fastly.net/image/product/sized/969495da-0982-417f-8a5a-ab8f2bf76ea1/1970s-brown-saltman-cocktail-table-1869', 'https://chairish-prod.freetls.fastly.net/image/product/sized/e43c0b61-460c-4238-8619-a813d5dbc8ca/1970s-brown-saltman-cocktail-table-6887', 'https://chairish-prod.freetls.fastly.net/image/product/sized/f0c39e7f-e19f-405f-9f70-57325af7ad2d/1970s-brown-saltman-cocktail-table-3568', 'https://chairish-prod.freetls.fastly.net/image/product/sized/907584f5-369e-45b7-b389-3a957d484d90/1970s-brown-saltman-cocktail-table-1341', 'https://chairish-prod.freetls.fastly.net/image/product/sized/2f983840-d73d-4b10-8d58-28090490791f/1970s-brown-saltman-cocktail-table-9012']",Furniture,Tables,Brown Saltman,25,14,52,"San Francisco, CA"
7040961,Late 19th Century Venetian Dragon Bowls - Set of 4,A collection of four Venetian dragon bowls in dazzling gold and green.  Hand made on the island of Murano in the venerable workrooms of Salviati.  These delicate creatures have survived the past century with wings and tongues intact.  A stunning group that can be used as decorative objects or added to your dining table for extra ooomph.  Frilled rims mounted with a unique dragon.,1250,,"['https://chairish-prod.freetls.fastly.net/image/product/sized/76586d7f-7079-4c1a-9453-5c56bfb3038b/late-19th-century-venetian-dragon-bowls-set-of-4-8061', 'https://chairish-prod.freetls.fastly.net/image/product/sized/73d33275-4d45-49a2-9de3-eb8740a5df41/late-19th-century-venetian-dragon-bowls-set-of-4-4052', 'https://chairish-prod.freetls.fastly.net/image/product/sized/b8decf51-1e7d-4cec-a6f9-6ccaef9a917b/late-19th-century-venetian-dragon-bowls-set-of-4-9894', 'https://chairish-prod.freetls.fastly.net/image/product/sized/b3d2a8ee-14ff-4971-947e-127d6e232bae/late-19th-century-venetian-dragon-bowls-set-of-4-5624', 'https://chairish-prod.freetls.fastly.net/image/product/sized/9c7406ff-fb38-40ba-99f3-25a240bd7864/late-19th-century-venetian-dragon-bowls-set-of-4-2397', 'https://chairish-prod.freetls.fastly.net/image/product/sized/db3d1ca9-f03c-4249-82de-e442ef3731f5/late-19th-century-venetian-dragon-bowls-set-of-4-2792', 'https://chairish-prod.freetls.fastly.net/image/product/sized/37ac9f3d-e3b2-4370-84bd-ee0eea0b932c/late-19th-century-venetian-dragon-bowls-set-of-4-7384', 'https://chairish-prod.freetls.fastly.net/image/product/sized/4a44f4c2-8a18-4356-8244-9619cf2c7280/late-19th-century-venetian-dragon-bowls-set-of-4-4166', 'https://chairish-prod.freetls.fastly.net/image/product/sized/76586d7f-7079-4c1a-9453-5c56bfb3038b/late-19th-century-venetian-dragon-bowls-set-of-4-8061']",Decor,Room Accents & Accessories,Salviati,4,5,5,"San Francisco, CA"
7797304,1960s Pair of Tonala Cat Figurines,A beautiful pair of large Tonala cats with striking fantasia style painting.  Inquisitive eyes and sweet smiles are the hallmarks of these classic figures.  Made in Jalsisco and hand painted.  One is signed Solis the other is by Ken Edwards.  Both made in the 1960s.  The larger cat has some hairline cracks but is extremely stable.  The smaller cat is perfect.,450,,"['https://chairish-prod.freetls.fastly.net/image/product/sized/753a8a57-2a59-4084-94b8-6e24f700b70b/1960s-pair-of-tonala-cat-figurines-7506', 'https://chairish-prod.freetls.fastly.net/image/product/sized/7e86f7cd-88a0-4d17-b507-865e9bc75734/1960s-pair-of-tonala-cat-figurines-5775', 'https://chairish-prod.freetls.fastly.net/image/product/sized/70cc81e8-309a-4416-8d50-9464298e0c7e/1960s-pair-of-tonala-cat-figurines-2145', 'https://chairish-prod.freetls.fastly.net/image/product/sized/1b5279ab-3ece-4ac6-a795-528309a98671/1960s-pair-of-tonala-cat-figurines-5194', 'https://chairish-prod.freetls.fastly.net/image/product/sized/aed38478-a88f-4f1a-9409-6817b8534e31/1960s-pair-of-tonala-cat-figurines-3680', 'https://chairish-prod.freetls.fastly.net/image/product/sized/47ba5f38-ce30-4e54-b1e1-e175e7964023/1960s-pair-of-tonala-cat-figurines-3092', 'https://chairish-prod.freetls.fastly.net/image/product/sized/78808008-5468-404d-bf0b-fde8f0fa501b/1960s-pair-of-tonala-cat-figurines-9912', 'https://chairish-prod.freetls.fastly.net/image/product/sized/c76c92db-a703-43af-9621-cac3f0e913e3/1960s-pair-of-tonala-cat-figurines-6214', 'https://chairish-prod.freetls.fastly.net/image/product/sized/ac8478cc-8db4-4f43-a8de-0effabf76988/1960s-pair-of-tonala-cat-figurines-7665', 'https://chairish-prod.freetls.fastly.net/image/product/sized/9ac446d4-8f3c-4a03-9f56-092e6746e268/1960s-pair-of-tonala-cat-figurines-8728', 'https://chairish-prod.freetls.fastly.net/image/product/sized/753a8a57-2a59-4084-94b8-6e24f700b70b/1960s-pair-of-tonala-cat-figurines-7506']",Decor,Room Accents & Accessories,,16,6,8,"San Francisco, CA"
7040945,Late 19th Century Double Dragon Krater by Salviati,A spectacular 19th c. Murano krater from the venerable workrooms of Salviati.  Beautiful hues of cornflower blue and gold.   Mounted with gold flecked prunts and double dragons.  Intricately crafted wings and delicate red tongues.  A glorious centerpiece for a dining or entry table.   Part of a larger collection of dragon motif glass.,2750,,"['https://chairish-prod.freetls.fastly.net/image/product/sized/d0e20eaf-4b4e-45cb-9ad6-1114c11817ef/late-19th-century-double-dragon-krater-by-salviati-8646', 'https://chairish-prod.freetls.fastly.net/image/product/sized/9a072a5e-dfcc-4989-9ded-7bfb64a31ba1/late-19th-century-double-dragon-krater-by-salviati-1433', 'https://chairish-prod.freetls.fastly.net/image/product/sized/25e2c9d2-6298-469b-a4b4-a8644f41243c/late-19th-century-double-dragon-krater-by-salviati-7388', 'https://chairish-prod.freetls.fastly.net/image/product/sized/592b3cdc-85f5-4a87-847e-f678f06a7f0e/late-19th-century-double-dragon-krater-by-salviati-6901', 'https://chairish-prod.freetls.fastly.net/image/product/sized/ae9be479-c3e7-4741-8d78-fc3a8135c495/late-19th-century-double-dragon-krater-by-salviati-0016', 'https://chairish-prod.freetls.fastly.net/image/product/sized/01eaaa23-fe5a-4397-ab0e-782f986e8062/late-19th-century-double-dragon-krater-by-salviati-0604', 'https://chairish-prod.freetls.fastly.net/image/product/sized/e9d48f2a-8f4b-4135-a032-c869aeea7f4c/late-19th-century-double-dragon-krater-by-salviati-2802', 'https://chairish-prod.freetls.fastly.net/image/product/sized/5a9e1f0f-8ce5-49cd-97fc-e0b0cd90c9d0/late-19th-century-double-dragon-krater-by-salviati-5044', 'https://chairish-prod.freetls.fastly.net/image/product/sized/d0e20eaf-4b4e-45cb-9ad6-1114c11817ef/late-19th-century-double-dragon-krater-by-salviati-8646']",Decor,Room Accents & Accessories,Salviati,8,7,8,"San Francisco, CA"
3337291,"Scissor Chairs With Convertible Table, by Michael Van Bueren","A master stroke of Mexican Modernism, at once sculptural and functional. Attributed to Michael Van Bueren.A pitch perfect set of four scissor style lounge chairs in the style of Hans Wegner with an exceptional table that converts from a game table to a coffee table. All four chairs fold for storage. Manufactured and hand built by Austin mfgr. of Mexico City. An intricate and flawless pattern of woven rush adorns this beautifully cherry finished palm wood. No cracks or breaks or splits. Solid cast brass fittings and hardware. A perfect accent to your Palm Springs patio, San Miguel Villa or Midwest Sun Room. Sturdy solid and beautifully finished. Although emulated in many iterations, this set looks to predate the Hans Wegner version. Made between 1940 - 1960 Includes 1 convertible table and 4 chairs.

Table measures 31.5 x 31.5 x 28.5 (game table)  31.5 x 31.5 x 18.5 (drinks table)

Price includes 4 chairs and 1 table",5800,"8,900","['https://chairish-prod.freetls.fastly.net/image/product/sized/07e5b3cc-95b7-4c94-a6d6-8f5387af5ec6/scissor-chairs-with-convertible-table-by-michael-van-bueren-7106', 'https://chairish-prod.freetls.fastly.net/image/product/sized/806ad25f-fa3d-4642-80af-dccd321509d0/scissor-chairs-with-convertible-table-by-michael-van-bueren-5580', 'https://chairish-prod.freetls.fastly.net/image/product/sized/3932b0a2-2f4c-41c8-b3d5-aae0990d6f5f/scissor-chairs-with-convertible-table-by-michael-van-bueren-1590', 'https://chairish-prod.freetls.fastly.net/image/product/sized/c7b6b36e-d617-4b2e-bc75-565f2e03112c/scissor-chairs-with-convertible-table-by-michael-van-bueren-7308', 'https://chairish-prod.freetls.fastly.net/image/product/sized/3fb7b4a7-4ad3-4db6-bfdb-188fc92df88c/scissor-chairs-with-convertible-table-by-michael-van-bueren-6551', 'https://chairish-prod.freetls.fastly.net/image/product/sized/6dbbdce3-5fba-4f74-bd70-61ffdc348f86/scissor-chairs-with-convertible-table-by-michael-van-bueren-1472', 'https://chairish-prod.freetls.fastly.net/image/product/sized/84290c2b-bad7-484f-93aa-9caf3e976cca/scissor-chairs-with-convertible-table-by-michael-van-bueren-1725', 'https://chairish-prod.freetls.fastly.net/image/product/sized/bd78c425-55a9-4085-85e0-11232487a541/scissor-chairs-with-convertible-table-by-michael-van-bueren-4943', 'https://chairish-prod.freetls.fastly.net/image/product/sized/653db678-d1be-4f01-a644-fe64f6df5c97/scissor-chairs-with-convertible-table-by-michael-van-bueren-3629', 'https://chairish-prod.freetls.fastly.net/image/product/sized/c3feab9f-08a4-4906-abcc-e53a1a915188/scissor-chairs-with-convertible-table-by-michael-van-bueren-5589', 'https://chairish-prod.freetls.fastly.net/image/product/sized/bde812ce-3551-4d0b-b4e8-fe9622fad7ab/scissor-chairs-with-convertible-table-by-michael-van-bueren-6382', 'https://chairish-prod.freetls.fastly.net/image/product/sized/0bb04bba-6bd6-4ea8-9ecf-a1140058a995/scissor-chairs-with-convertible-table-by-michael-van-bueren-2058', 'https://chairish-prod.freetls.fastly.net/image/product/sized/07e5b3cc-95b7-4c94-a6d6-8f5387af5ec6/scissor-chairs-with-convertible-table-by-michael-van-bueren-7106']",Furniture,Tables,Michael van Beuren,23,31,28,"San Francisco, CA"
2890754,1960s Vintage Syrian Chairs - a Pair,"A stunning pair of mid-century cock chairs beautifully inlaid with brass filigree.  A rare and exotic treat, made of hardwood and brass.   Perfect for entry or small balcony with ample table surface for teacups, ashtrays or other elegant accoutrement.  Sturdy but mobile.  A",950,,"['https://chairish-prod.freetls.fastly.net/image/product/sized/2fc68f55-d1e3-4e1d-8888-1904da615c95/1960s-vintage-syrian-chairs-a-pair-9026', 'https://chairish-prod.freetls.fastly.net/image/product/sized/a815a9c7-0661-4c29-91f6-c39bdfdaa2f7/1960s-vintage-syrian-chairs-a-pair-7494', 'https://chairish-prod.freetls.fastly.net/image/product/sized/69fed51d-1190-48bc-9d14-0e87c13c3ffd/1960s-vintage-syrian-chairs-a-pair-1453', 'https://chairish-prod.freetls.fastly.net/image/product/sized/447ad482-2b8f-4d10-8cca-b179f6cc520f/1960s-vintage-syrian-chairs-a-pair-4010', 'https://chairish-prod.freetls.fastly.net/image/product/sized/d705b090-9217-45e6-8b22-5aa737c0c128/1960s-vintage-syrian-chairs-a-pair-6015', 'https://chairish-prod.freetls.fastly.net/image/product/sized/61df8523-9c59-4296-bdba-b079ddac600f/1960s-vintage-syrian-chairs-a-pair-3925', 'https://chairish-prod.freetls.fastly.net/image/product/sized/2fc68f55-d1e3-4e1d-8888-1904da615c95/1960s-vintage-syrian-chairs-a-pair-9026']",Furniture,Seating,,21,30,18,"San Francisco, CA"
2964772,Postmodern Wood & Tin Floor Lamp,The third in a trio of handcrafted lamps by artist Dan Abramson.  A beautiful lamp with loads of 80s style.  Crafted from wood and tin into a beautiful postmodern composition evocative of Memphis designs.  A warmer version of postmodernism that would blend beautifully with Sottsass and other 80s Italian design. California designed and made.  The tin canopy creates an amazing silhouette and shadow when turned on.,1200,,"['https://chairish-prod.freetls.fastly.net/image/product/sized/d0441476-363d-4342-9850-349f7da9f7f8/postmodern-wood-and-tin-floor-lamp-8515', 'https://chairish-prod.freetls.fastly.net/image/product/sized/819f47b6-e3f4-45e6-81e5-af9fd25f7d6c/postmodern-wood-and-tin-floor-lamp-5395', 'https://chairish-prod.freetls.fastly.net/image/product/sized/bb97b897-bc7b-4cc1-8367-901ff5807f2d/postmodern-wood-and-tin-floor-lamp-5013', 'https://chairish-prod.freetls.fastly.net/image/product/sized/62dcdc08-a68f-4a2c-969a-ceae806d41ec/postmodern-wood-and-tin-floor-lamp-5547', 'https://chairish-prod.freetls.fastly.net/image/product/sized/712e57bb-2fd5-42ca-b819-d202b469b712/postmodern-wood-and-tin-floor-lamp-6368', 'https://chairish-prod.freetls.fastly.net/image/product/sized/ab5fb818-e408-479c-a9e7-ba63b82b7dee/postmodern-wood-and-tin-floor-lamp-1413', 'https://chairish-prod.freetls.fastly.net/image/product/sized/f95a9d75-5d23-4375-b91d-63c8808e5337/postmodern-wood-and-tin-floor-lamp-8224', 'https://chairish-prod.freetls.fastly.net/image/product/sized/d0441476-363d-4342-9850-349f7da9f7f8/postmodern-wood-and-tin-floor-lamp-8515']",Lighting,Lamps,Dan Abramson,14,66,10,"San Francisco, CA"
3442028,Mid-Century Rosewood Sofa,"Stunning and rare Mid-Century Chinese Settee with auspicious horseshoe style back, and three carved panels feating symbols for wealth, power and prosperity.  Long lean lines perfect in traditionally styled or minimalist room.  Tight joints and comfortable seating area.  We can make a custom cushion upon request.  Three matching chairs available.",3800,,"['https://chairish-prod.freetls.fastly.net/image/product/sized/1f86842f-b4c8-49da-b29f-b4f1e904a8b2/mid-century-rosewood-sofa-4124', 'https://chairish-prod.freetls.fastly.net/image/product/sized/42aefc11-0a67-4163-a30a-02510320fe6a/mid-century-rosewood-sofa-2218', 'https://chairish-prod.freetls.fastly.net/image/product/sized/8769dcbf-948c-4721-aa1f-18bff9ed4b3a/mid-century-rosewood-sofa-8119', 'https://chairish-prod.freetls.fastly.net/image/product/sized/f1958758-6180-49e8-bdf8-a7d134f4e6ed/mid-century-rosewood-sofa-6841', 'https://chairish-prod.freetls.fastly.net/image/product/sized/e9477d5d-43af-41e0-9a8b-6a012821a6bd/mid-century-rosewood-sofa-2642', 'https://chairish-prod.freetls.fastly.net/image/product/sized/f9996401-53a3-4f91-9a45-c5f974a14573/mid-century-rosewood-sofa-8777', 'https://chairish-prod.freetls.fastly.net/image/product/sized/1f86842f-b4c8-49da-b29f-b4f1e904a8b2/mid-century-rosewood-sofa-4124']",Furniture,Seating,,76,27,24,"San Francisco, CA"
2890653,Art Deco Style Busts by Giá – Lời. - a Pair,Beautifully mounted pair of busts by Vietnam artist Gia-Loi c. 1940s.   Cast of copper by  Indochine artist  Giá – Lời.   A stunning accessory for a variety of interiors form Asian Modern to Fantasy to Minimal or Regency.  Each bust is mounted on an lacquered block of solid hardwood.  Substantial weight and a beautiful patina.  Unaltered original condition.,1950,,"['https://chairish-prod.freetls.fastly.net/image/product/sized/ee88b774-87b5-4361-9639-32afba127075/art-deco-style-busts-by-gia-loi-a-pair-8281', 'https://chairish-prod.freetls.fastly.net/image/product/sized/e4d3d5bd-d31a-48b4-b857-cf70b042516d/art-deco-style-busts-by-gia-loi-a-pair-7003', 'https://chairish-prod.freetls.fastly.net/image/product/sized/f48920af-e68d-4b68-ab91-641936c93e6a/art-deco-style-busts-by-gia-loi-a-pair-0229', 'https://chairish-prod.freetls.fastly.net/image/product/sized/bf4b7879-8713-4fba-a3b4-819e5ad8dc6d/art-deco-style-busts-by-gia-loi-a-pair-8148', 'https://chairish-prod.freetls.fastly.net/image/product/sized/ced4a821-c0a5-4a8f-9ad1-4a93f0a07520/art-deco-style-busts-by-gia-loi-a-pair-5852', 'https://chairish-prod.freetls.fastly.net/image/product/sized/86ca6518-e39c-470b-b60e-d754faf73aa4/art-deco-style-busts-by-gia-loi-a-pair-6160', 'https://chairish-prod.freetls.fastly.net/image/product/sized/589053d3-6302-4eb6-911b-910301b2c647/art-deco-style-busts-by-gia-loi-a-pair-8842', 'https://chairish-prod.freetls.fastly.net/image/product/sized/ff6d7443-fc56-4b0f-ba22-84a99a88ff4f/art-deco-style-busts-by-gia-loi-a-pair-4646', 'https://chairish-prod.freetls.fastly.net/image/product/sized/1e5f3303-9298-4ea6-a591-bdd99d28aa25/art-deco-style-busts-by-gia-loi-a-pair-2268', 'https://chairish-prod.freetls.fastly.net/image/product/sized/ee88b774-87b5-4361-9639-32afba127075/art-deco-style-busts-by-gia-loi-a-pair-8281']",Fine Art,Sculpture,,7,24,7,"San Francisco, CA"
2890650,Vintage Monumental Brass Candlesticks- a Pair,"Extra-large Brass candelabra for a major statement.   Perfect for oversize mantels or dramatic dining tables.   Generously sized for large credenzas and high ceilings, or mix scales to create more drama.",425,,"['https://chairish-prod.freetls.fastly.net/image/product/sized/084e474b-bc14-4aec-b35d-b8b789cbf9ae/vintage-monumental-brass-candlesticks-a-pair-2419', 'https://chairish-prod.freetls.fastly.net/image/product/sized/ffdde285-ab5d-401c-b591-41fe2a107b0b/vintage-monumental-brass-candlesticks-a-pair-1148', 'https://chairish-prod.freetls.fastly.net/image/product/sized/57d6b10e-4f5c-4149-94fa-19014273b295/vintage-monumental-brass-candlesticks-a-pair-6246', 'https://chairish-prod.freetls.fastly.net/image/product/sized/084e474b-bc14-4aec-b35d-b8b789cbf9ae/vintage-monumental-brass-candlesticks-a-pair-2419']",Decor,Room Accents & Accessories,,8,29,8,"San Francisco, CA"
2884502,1950s Ico Parisi Side Tables,Biomorphic end tables in glass and mahogany with brass fittings. A fine example of midcentury Italian design. Lightweight and easily portable.,2400,"2,700","['https://chairish-prod.freetls.fastly.net/image/product/sized/006c4d84-0b75-44d8-8e36-3cde4061855e/1950s-ico-parisi-side-tables-5032', 'https://chairish-prod.freetls.fastly.net/image/product/sized/b8f140d2-9b00-4468-b671-aaa43ccc25f3/1950s-ico-parisi-side-tables-9854', 'https://chairish-prod.freetls.fastly.net/image/product/sized/6fd9a203-c43d-4898-8518-0d861fdce574/1950s-ico-parisi-side-tables-6804', 'https://chairish-prod.freetls.fastly.net/image/product/sized/d8b80b6d-dc94-4419-9a03-713117491514/1950s-ico-parisi-side-tables-1046', 'https://chairish-prod.freetls.fastly.net/image/product/sized/76764bb3-7f20-4883-9034-706c3d8fe6e5/1950s-ico-parisi-side-tables-4113', 'https://chairish-prod.freetls.fastly.net/image/product/sized/066d1ff2-aaf5-428a-9201-f940685e5d17/1950s-ico-parisi-side-tables-5322', 'https://chairish-prod.freetls.fastly.net/image/product/sized/006c4d84-0b75-44d8-8e36-3cde4061855e/1950s-ico-parisi-side-tables-5032']",Furniture,Tables,Ico Parisi,21,27,12,"San Francisco, CA"
3144084,Mid 19th Century English Gilt Mirror,"A stunning gilt mirrors from an English Manor. Beautiful baroque columns with entwined grape leaves, gilt in original condition with original glass. Beautifully patinated glass in a striking arch frame with extra wide molding. 2 available in shop",2800,,"['https://chairish-prod.freetls.fastly.net/image/product/sized/2ea1b64b-7913-415f-b959-f051ac7b075d/mid-19th-century-english-gilt-mirror-0448', 'https://chairish-prod.freetls.fastly.net/image/product/sized/5b49582c-134a-4eea-8500-faee0ef28d73/mid-19th-century-english-gilt-mirror-3603', 'https://chairish-prod.freetls.fastly.net/image/product/sized/380cde77-ef36-48a6-b793-8ad459ebb298/mid-19th-century-english-gilt-mirror-2188', 'https://chairish-prod.freetls.fastly.net/image/product/sized/6a0c13f4-034d-4d31-8a98-4effb7eda0d3/mid-19th-century-english-gilt-mirror-0186', 'https://chairish-prod.freetls.fastly.net/image/product/sized/f0625907-9f1f-4cfd-8afc-0b42ec359fe6/mid-19th-century-english-gilt-mirror-2927', 'https://chairish-prod.freetls.fastly.net/image/product/sized/9296b91d-e2da-4f63-889f-6dbca3bbc3b7/mid-19th-century-english-gilt-mirror-2679', 'https://chairish-prod.freetls.fastly.net/image/product/sized/231eea82-f816-4e3a-a261-48d4a1a7ea56/mid-19th-century-english-gilt-mirror-8692', 'https://chairish-prod.freetls.fastly.net/image/product/sized/290a9c4d-3f8b-4492-9368-fc4cc17e83e5/mid-19th-century-english-gilt-mirror-6924', 'https://chairish-prod.freetls.fastly.net/image/product/sized/2ea1b64b-7913-415f-b959-f051ac7b075d/mid-19th-century-english-gilt-mirror-0448']",Decor,Room Accents & Accessories,,45,56,10,"San Francisco, CA"
6068225,1970s Brown Saltman Side Table,"Masculine, geometric table by Brown Saltman.  Perfect for a groovy lodge look or a swinging bachelor pad.   Sophisticated lines, in sturdy materials.  Solid hardwood pecan with channeled leather trim.  Excellent condition.  Matching Cocktail table available.",1250,,"['https://chairish-prod.freetls.fastly.net/image/product/sized/bc5631fe-de02-41e0-b45e-bd1eaa13832d/1970s-brown-saltman-side-table-6310', 'https://chairish-prod.freetls.fastly.net/image/product/sized/8ddc8476-de9d-4217-90cb-2a5c2aed996c/1970s-brown-saltman-side-table-3010', 'https://chairish-prod.freetls.fastly.net/image/product/sized/ca7bdb17-554b-4d8b-8a3e-b7a22bacbc43/1970s-brown-saltman-side-table-4128', 'https://chairish-prod.freetls.fastly.net/image/product/sized/b2011824-94b6-4913-8b3b-11acbb768fac/1970s-brown-saltman-side-table-2068', 'https://chairish-prod.freetls.fastly.net/image/product/sized/bc5631fe-de02-41e0-b45e-bd1eaa13832d/1970s-brown-saltman-side-table-6310']",Furniture,Tables,Brown Saltman,25,15,25,"San Francisco, CA"
2890657,1960s Vintage Gondola Chairs by Harvey Prober - a Pair,A beautiful pair of Harvey Prober Gondola chairs with original finish. The chairs were updated in the 80s with a wonderfully Memphis inspired pastel cotton print. A great pair of slipper chairs perfectly sized for a modern room.,1800,,"['https://chairish-prod.freetls.fastly.net/image/product/sized/98bf4402-5ac4-4e2f-8f19-961aa3970403/1960s-vintage-gondola-chairs-by-harvey-prober-a-pair-1546', 'https://chairish-prod.freetls.fastly.net/image/product/sized/9af7c773-36c7-44a0-8775-37f5e5227359/1960s-vintage-gondola-chairs-by-harvey-prober-a-pair-3914', 'https://chairish-prod.freetls.fastly.net/image/product/sized/ff3c5fc9-912b-48f9-ad3c-e38db967927c/1960s-vintage-gondola-chairs-by-harvey-prober-a-pair-3884', 'https://chairish-prod.freetls.fastly.net/image/product/sized/0240d022-b015-422f-a2a8-e352ffeae5ea/1960s-vintage-gondola-chairs-by-harvey-prober-a-pair-8401', 'https://chairish-prod.freetls.fastly.net/image/product/sized/4c99d69c-2d80-4a6d-9c1d-20477ce7abab/1960s-vintage-gondola-chairs-by-harvey-prober-a-pair-0696', 'https://chairish-prod.freetls.fastly.net/image/product/sized/cff4e2ed-5c15-417b-baca-90082e73304a/1960s-vintage-gondola-chairs-by-harvey-prober-a-pair-2099', 'https://chairish-prod.freetls.fastly.net/image/product/sized/98bf4402-5ac4-4e2f-8f19-961aa3970403/1960s-vintage-gondola-chairs-by-harvey-prober-a-pair-1546']",Furniture,Seating,Harvey Probber,23,38,29,"San Francisco, CA"
7084191,Monumental 19th Century Bodhisaatva Cast Iron Sculptures - Set of 2,"A beautiful and monumental pair of cast iron Bodhisattva.  Measuring nearly four feet tall each softly featured, resplendent face is adorned with a crown of the three Western Saints.  Bases are hand carved with cutouts to securely cradle and support each bust. An architectural temple or monastery ornament, this superb rendition dates from sometime before 1870.   There is no varnish, chemical treatment nor any other applied finish. A very fine pair that radiates wisdom and compassion.",18000,"42,000","['https://chairish-prod.freetls.fastly.net/image/product/sized/a8ad4434-6437-4a6c-b30f-61a91a5b3b8f/monumental-19th-century-bodhisaatva-cast-iron-sculptures-set-of-2-9161', 'https://chairish-prod.freetls.fastly.net/image/product/sized/75dbc060-6c5a-4488-8830-3c0d885a19b0/monumental-19th-century-bodhisaatva-cast-iron-sculptures-set-of-2-6909', 'https://chairish-prod.freetls.fastly.net/image/product/sized/76305dc0-a0ee-407f-991d-aa715b37035e/monumental-19th-century-bodhisaatva-cast-iron-sculptures-set-of-2-0733', 'https://chairish-prod.freetls.fastly.net/image/product/sized/bdaa46c9-fabd-41d1-ba58-68dadbb81aab/monumental-19th-century-bodhisaatva-cast-iron-sculptures-set-of-2-6915', 'https://chairish-prod.freetls.fastly.net/image/product/sized/e8090ed9-e2f6-4ecf-be76-154a086b9129/monumental-19th-century-bodhisaatva-cast-iron-sculptures-set-of-2-4542', 'https://chairish-prod.freetls.fastly.net/image/product/sized/bf8c4883-fe14-4ae9-a9da-7e0eaa506e82/monumental-19th-century-bodhisaatva-cast-iron-sculptures-set-of-2-6589', 'https://chairish-prod.freetls.fastly.net/image/product/sized/9f5d5b78-191e-410c-a31e-bee23ab6246d/monumental-19th-century-bodhisaatva-cast-iron-sculptures-set-of-2-3444', 'https://chairish-prod.freetls.fastly.net/image/product/sized/cd42ab2b-a7ed-4989-96c5-f9aa62dc37ee/monumental-19th-century-bodhisaatva-cast-iron-sculptures-set-of-2-1010', 'https://chairish-prod.freetls.fastly.net/image/product/sized/a8ad4434-6437-4a6c-b30f-61a91a5b3b8f/monumental-19th-century-bodhisaatva-cast-iron-sculptures-set-of-2-9161']",Fine Art,Sculpture,,20,42,15,"San Francisco, CA"
7379199,1980s Lily Table by Arthur Court,"A beautiful classic 80s transitional design by Arhtur Court. Made of cast aluminum with an extra thick glass top. Perfect as a bedside table, drink table or side table.",1200,,"['https://chairish-prod.freetls.fastly.net/image/product/sized/4f804b0d-9af5-47f4-82f9-7e9b7be0097a/1980s-lily-table-by-arthur-court-8516', 'https://chairish-prod.freetls.fastly.net/image/product/sized/251dd35d-49bc-4795-8c65-f54c4eedca77/1980s-lily-table-by-arthur-court-6903', 'https://chairish-prod.freetls.fastly.net/image/product/sized/08ef1bcc-bc1e-4ed4-8fda-c47d17ce00e5/1980s-lily-table-by-arthur-court-3281', 'https://chairish-prod.freetls.fastly.net/image/product/sized/e8ace398-edb9-4efa-b914-f5fc1cf88dc8/1980s-lily-table-by-arthur-court-0604', 'https://chairish-prod.freetls.fastly.net/image/product/sized/f5ed8b92-d5b6-4734-8a16-70af5232cec4/1980s-lily-table-by-arthur-court-3141', 'https://chairish-prod.freetls.fastly.net/image/product/sized/78f2c347-965b-40bf-83ca-2bfa36ebcadf/1980s-lily-table-by-arthur-court-5961', 'https://chairish-prod.freetls.fastly.net/image/product/sized/4f804b0d-9af5-47f4-82f9-7e9b7be0097a/1980s-lily-table-by-arthur-court-8516']",Furniture,Tables,Arthur Court,19,17,19,"San Francisco, CA"
2730752,Sumptuous Mahogany Bar Cabinet,"Stylish and beautifully proportioned. Art Deco / Art Moderne transitional cabinet with elegant details galore;  including marquetry trim, as well as a harlequin cut glass pattern. Gold mirrored backing provides a soft and glamorous ambient lighting.  Beautifully restored to maintain its original warmth. Imported from Switzerland.  Comes with three keys to keep your items safe and secure.  Room for records or audio equipment make this a perfect cabinet for gentleman&#x27;s room, office or dining room.",4200,"4,800","['https://chairish-prod.freetls.fastly.net/image/product/sized/fce607b3-ebde-445d-a568-2afe22629b65/sumptuous-mahogany-bar-cabinet-2596', 'https://chairish-prod.freetls.fastly.net/image/product/sized/43d84999-c404-48d4-bdd5-46504aa053d5/sumptuous-mahogany-bar-cabinet-3588', 'https://chairish-prod.freetls.fastly.net/image/product/sized/d748b28d-3847-45ea-8fcc-7f97c50cbb86/sumptuous-mahogany-bar-cabinet-3864', 'https://chairish-prod.freetls.fastly.net/image/product/sized/96c4a355-ae25-42c4-ac93-e6beca920443/sumptuous-mahogany-bar-cabinet-6474', 'https://chairish-prod.freetls.fastly.net/image/product/sized/7553b86a-ede7-4e00-ad56-aac4e2e74192/sumptuous-mahogany-bar-cabinet-9560', 'https://chairish-prod.freetls.fastly.net/image/product/sized/0290fdc4-43e7-4fc5-ac4c-82a1021a960f/sumptuous-mahogany-bar-cabinet-2740', 'https://chairish-prod.freetls.fastly.net/image/product/sized/2317d71c-d85d-4769-9361-8d8c0c657d44/sumptuous-mahogany-bar-cabinet-1743', 'https://chairish-prod.freetls.fastly.net/image/product/sized/80dd3ac0-3155-4375-876c-561490507c21/sumptuous-mahogany-bar-cabinet-6038', 'https://chairish-prod.freetls.fastly.net/image/product/sized/fce607b3-ebde-445d-a568-2afe22629b65/sumptuous-mahogany-bar-cabinet-2596']",Furniture,Casegoods & Storage,,66,63,17,"San Francisco, CA"
7133556,1960s Space Age Stools - a Pair,"A spectacular pair of biomorphic stools with loads of personality.. Perfect as foot stools, additional seating or as drink tables.  Newly powder-coated in a gleaming white satin finish.  Self-leveling feet have been replaced with identical brass feet from the original manufacturer.  Sturdy construction with clean fresh orange upholstery.",1150,,"['https://chairish-prod.freetls.fastly.net/image/product/sized/f7e19c6a-82e4-4704-a35c-1733f4fc3194/1960s-space-age-stools-a-pair-7834', 'https://chairish-prod.freetls.fastly.net/image/product/sized/9e02ce0a-e876-4a77-8294-49af6db8dd3e/1960s-space-age-stools-a-pair-1925', 'https://chairish-prod.freetls.fastly.net/image/product/sized/a7e7361e-72e6-4f0c-ace7-ece56ee8e058/1960s-space-age-stools-a-pair-9678', 'https://chairish-prod.freetls.fastly.net/image/product/sized/57e7a854-c033-4513-ad6f-b78b8a365ed6/1960s-space-age-stools-a-pair-9773', 'https://chairish-prod.freetls.fastly.net/image/product/sized/fb5e4604-1ac2-4e5a-9874-ad3c3ecd88d6/1960s-space-age-stools-a-pair-1894', 'https://chairish-prod.freetls.fastly.net/image/product/sized/f7e19c6a-82e4-4704-a35c-1733f4fc3194/1960s-space-age-stools-a-pair-7834']",Furniture,Seating,,24,18,24,"San Francisco, CA"
2264775,Sintesi Terra Floor Lamps by Ernesto Gismondi for Artemide - a Pair,Pair of iconic Memphis floor lamps for Artemide. A chic way to introduce postermodernism into your interior.  Styled after vintage microphones with moveable wire grills to protect the bulb.  Foot switch operation with bulbs included.,1800,"2,200","['https://chairish-prod.freetls.fastly.net/image/product/sized/f4e47ff1-832a-4d55-aeec-9a76ad3ffa70/sintesi-terra-floor-lamps-by-ernesto-gismondi-for-artemide-a-pair-6399', 'https://chairish-prod.freetls.fastly.net/image/product/sized/b8cb317a-229a-4985-ae5f-d7c71881b324/sintesi-terra-floor-lamps-by-ernesto-gismondi-for-artemide-a-pair-4659', 'https://chairish-prod.freetls.fastly.net/image/product/sized/6403f1c9-4a7c-4e58-be97-a7c870ad0846/sintesi-terra-floor-lamps-by-ernesto-gismondi-for-artemide-a-pair-9681', 'https://chairish-prod.freetls.fastly.net/image/product/sized/47a250c2-a711-4fd4-924d-288c58b3ff0c/sintesi-terra-floor-lamps-by-ernesto-gismondi-for-artemide-a-pair-4116', 'https://chairish-prod.freetls.fastly.net/image/product/sized/f4e47ff1-832a-4d55-aeec-9a76ad3ffa70/sintesi-terra-floor-lamps-by-ernesto-gismondi-for-artemide-a-pair-6399']",Lighting,Lamps,Artemide,9,53,9,"San Francisco, CA"
2264768,American of Martinsville Mahogany Side Tables - a Pair,Light mahogany duplex side tables with polished nicKel drawer pull.  Perfectly scaled for bedside or sofaside.  A muted neutral tone with mellowed yellow wood tones and subtle graining.  Perfect for traditional or more modern interiors.,900,,"['https://chairish-prod.freetls.fastly.net/image/product/sized/fb428768-e09f-4a2c-8c60-9fb53a45c978/american-of-martinsville-mahogany-side-tables-a-pair-1382', 'https://chairish-prod.freetls.fastly.net/image/product/sized/bf9c0415-f4bf-440d-aaf4-af8a5032875d/american-of-martinsville-mahogany-side-tables-a-pair-3426', 'https://chairish-prod.freetls.fastly.net/image/product/sized/316becf1-6360-4a21-9fcf-189485e27d6e/american-of-martinsville-mahogany-side-tables-a-pair-9501', 'https://chairish-prod.freetls.fastly.net/image/product/sized/c4b3f44c-8aa0-42f4-9fee-e3e326885f23/american-of-martinsville-mahogany-side-tables-a-pair-9981', 'https://chairish-prod.freetls.fastly.net/image/product/sized/fb428768-e09f-4a2c-8c60-9fb53a45c978/american-of-martinsville-mahogany-side-tables-a-pair-1382']",Furniture,Tables,American of Martinsville,29,20,22,"San Francisco, CA"
7379187,1980s Papillon Prosim Sedni Postmodern Chair by Bořek Šípek,"An icon of 80s design. 5 legged Papillon chair by Bořek Šípek. A fabulous melange of matelassé, leather and cherry wood. Postmodernism at its best.",3800,,"['https://chairish-prod.freetls.fastly.net/image/product/sized/827447df-e428-4cd0-aa31-c444df3a14d3/1980s-papillon-prosim-sedni-postmodern-chair-by-borek-sipek-8394', 'https://chairish-prod.freetls.fastly.net/image/product/sized/2b201ff2-2394-4a37-b351-8077479e6e5d/1980s-papillon-prosim-sedni-postmodern-chair-by-borek-sipek-4370', 'https://chairish-prod.freetls.fastly.net/image/product/sized/68ab5d50-1594-4043-b694-76761cba0ca4/1980s-papillon-prosim-sedni-postmodern-chair-by-borek-sipek-9274', 'https://chairish-prod.freetls.fastly.net/image/product/sized/87966bbc-923f-41f7-a1fa-8ed4b4beb0f5/1980s-papillon-prosim-sedni-postmodern-chair-by-borek-sipek-4758', 'https://chairish-prod.freetls.fastly.net/image/product/sized/74452bb8-5e56-46d0-84f8-148136c5563a/1980s-papillon-prosim-sedni-postmodern-chair-by-borek-sipek-9156', 'https://chairish-prod.freetls.fastly.net/image/product/sized/8d8d7905-3429-4125-950a-9116724f4b57/1980s-papillon-prosim-sedni-postmodern-chair-by-borek-sipek-5477', 'https://chairish-prod.freetls.fastly.net/image/product/sized/d95eaf5d-663a-4829-9b8a-1f0cf57efe0c/1980s-papillon-prosim-sedni-postmodern-chair-by-borek-sipek-1744', 'https://chairish-prod.freetls.fastly.net/image/product/sized/827447df-e428-4cd0-aa31-c444df3a14d3/1980s-papillon-prosim-sedni-postmodern-chair-by-borek-sipek-8394']",Furniture,Seating,Driade,37,36,26,"San Francisco, CA"
5215031,1950s Italian Bar Cart,"Stunning black bar cart with brass accents. Floating glass panels in an ebonized wood from. Biomorphic details including solid wood handle, tear drop shaped shelves on a steel chassis that runs smoothly and quietly. A rare and gorgeous bar cart, perfect for entertaining or displaying your bottle and glass collections. Imported from Italy.",4200,,"['https://chairish-prod.freetls.fastly.net/image/product/sized/e8f5a968-2ca9-4a9e-bce0-004e11db6a6c/1950s-italian-bar-cart-0151', 'https://chairish-prod.freetls.fastly.net/image/product/sized/d69f30e8-8bec-46b0-bf36-765ff13942d4/1950s-italian-bar-cart-5255', 'https://chairish-prod.freetls.fastly.net/image/product/sized/e5bd6fed-e072-444e-9ba0-ef94a98a9e12/1950s-italian-bar-cart-7800', 'https://chairish-prod.freetls.fastly.net/image/product/sized/f10deeb0-29e6-4dd5-b598-20b9f41f0f5f/1950s-italian-bar-cart-6893', 'https://chairish-prod.freetls.fastly.net/image/product/sized/5bbd6910-ff59-4c65-99cc-41e4d1c5bed1/1950s-italian-bar-cart-2473', 'https://chairish-prod.freetls.fastly.net/image/product/sized/e8f5a968-2ca9-4a9e-bce0-004e11db6a6c/1950s-italian-bar-cart-0151']",Furniture,Casegoods & Storage,Carlo Mollino,33,29,18,"San Francisco, CA"
12976228,Mid 20th Century Lounge Chair Attributed to Adrian Pearsall,Extra wide Barcelona Style lounge chairs with a sled base in walnut.  Generously proportioned seat could seat 2 comfortably.  Original upholstery in excellent condition for its age. Use as is or reupholster.  Generously proportioned for prolonged sitting. Unmarked. Attrib. Adrian Pearsall,2400,,"['https://chairish-prod.freetls.fastly.net/image/product/sized/a0f8a5a7-bd5f-4632-9c9b-59d4ec72113f/mid-20th-century-lounge-chair-attributed-to-adrian-pearsall-8938', 'https://chairish-prod.freetls.fastly.net/image/product/sized/4f2e0e98-0713-4bae-9d2e-17471403413b/mid-20th-century-lounge-chair-attributed-to-adrian-pearsall-6961', 'https://chairish-prod.freetls.fastly.net/image/product/sized/93e3f4e5-46ae-469c-8321-12d5994fa25d/mid-20th-century-lounge-chair-attributed-to-adrian-pearsall-4188', 'https://chairish-prod.freetls.fastly.net/image/product/sized/6ed9bafc-bebe-429a-8d71-b0427ba7ff20/mid-20th-century-lounge-chair-attributed-to-adrian-pearsall-5131', 'https://chairish-prod.freetls.fastly.net/image/product/sized/a2daf039-e670-47f4-8cf7-6b7cabc52670/mid-20th-century-lounge-chair-attributed-to-adrian-pearsall-6822', 'https://chairish-prod.freetls.fastly.net/image/product/sized/5ed33226-a6dc-4ca1-b40d-db72c5a70a3a/mid-20th-century-lounge-chair-attributed-to-adrian-pearsall-8145', 'https://chairish-prod.freetls.fastly.net/image/product/sized/a54b0e53-67f8-490f-8abf-20ac9ede1def/mid-20th-century-lounge-chair-attributed-to-adrian-pearsall-6069', 'https://chairish-prod.freetls.fastly.net/image/product/sized/41d15260-92d7-4458-8028-0ce02f7513bb/mid-20th-century-lounge-chair-attributed-to-adrian-pearsall-2688', 'https://chairish-prod.freetls.fastly.net/image/product/sized/01ece84b-baf9-4cf2-8294-755ee17e347e/mid-20th-century-lounge-chair-attributed-to-adrian-pearsall-2937', 'https://chairish-prod.freetls.fastly.net/image/product/sized/a0f8a5a7-bd5f-4632-9c9b-59d4ec72113f/mid-20th-century-lounge-chair-attributed-to-adrian-pearsall-8938']",Furniture,Seating,Adrian Pearsall,32,30,36,"San Francisco, CA"
2964746,1980s Dan Abramson Postmodernist Bar Cabinet,"California Design meets Post Modernism in this beautiful two piece cabinet / altar, handcrafted  from recycled wood in the 1980s with polychromed finish by Artist Dan Abramson.  Long and lean this cabinet is perfect for tight spaces with enough pizzaz to carry a large expanse of wall. bold coloration and wavy details.  A quintessential California artist with Santa Monica roots.  We can add glass shelving and or an RIFD lock to secure your fine wine or liquor collection. Use as a bar, hat storage, entry storage or as a nicho for an altar.",2750,"3,500","['https://chairish-prod.freetls.fastly.net/image/product/sized/1a6fc3ca-42d2-4889-a964-dd8b0b9f9a20/1980s-dan-abramson-postmodernist-bar-cabinet-2020', 'https://chairish-prod.freetls.fastly.net/image/product/sized/71d2ec79-169b-46f5-b18f-a78670b10794/1980s-dan-abramson-postmodernist-bar-cabinet-4985', 'https://chairish-prod.freetls.fastly.net/image/product/sized/f8f7e4c1-356f-4f49-85d2-92b267584254/1980s-dan-abramson-postmodernist-bar-cabinet-7996', 'https://chairish-prod.freetls.fastly.net/image/product/sized/703a03b4-efb1-4ab7-be90-c3d30bb69c6c/1980s-dan-abramson-postmodernist-bar-cabinet-5936', 'https://chairish-prod.freetls.fastly.net/image/product/sized/a302dad1-e09a-4a36-8c2e-de1c9c9aef0e/1980s-dan-abramson-postmodernist-bar-cabinet-8614', 'https://chairish-prod.freetls.fastly.net/image/product/sized/0dc56f31-ffd3-4071-bb67-85c45b1c0d03/1980s-dan-abramson-postmodernist-bar-cabinet-7749', 'https://chairish-prod.freetls.fastly.net/image/product/sized/a45ef5ad-dec3-460e-81ab-64822f6f2ef2/1980s-dan-abramson-postmodernist-bar-cabinet-3034', 'https://chairish-prod.freetls.fastly.net/image/product/sized/9592c477-2038-4818-88da-5e24575bd66c/1980s-dan-abramson-postmodernist-bar-cabinet-7556', 'https://chairish-prod.freetls.fastly.net/image/product/sized/fc9b13f6-52be-4ae2-ac38-2474895c92fe/1980s-dan-abramson-postmodernist-bar-cabinet-4319', 'https://chairish-prod.freetls.fastly.net/image/product/sized/ff6a639f-4433-4019-955f-ddb72b407783/1980s-dan-abramson-postmodernist-bar-cabinet-8712', 'https://chairish-prod.freetls.fastly.net/image/product/sized/98971a13-347f-4efd-b4fa-885e8778228f/1980s-dan-abramson-postmodernist-bar-cabinet-1839', 'https://chairish-prod.freetls.fastly.net/image/product/sized/1a6fc3ca-42d2-4889-a964-dd8b0b9f9a20/1980s-dan-abramson-postmodernist-bar-cabinet-2020']",Furniture,Casegoods & Storage,Dan Abramson,23,77,14,"San Francisco, CA"
2264774,Masque Lamps by Giocometti Bros.,"Masque lamps by Alberto Giocometti c. 1940. Original wiring, no shades. Pair available, sold separately.",2800,"7,500","['https://chairish-prod.freetls.fastly.net/image/product/sized/c21d560a-e060-4c6c-9c37-70d7a80aa40f/masque-lamps-by-giocometti-bros-8333', 'https://chairish-prod.freetls.fastly.net/image/product/sized/ff7bcf65-4f48-49eb-94e3-95f223d3e5f2/masque-lamps-by-giocometti-bros-8665', 'https://chairish-prod.freetls.fastly.net/image/product/sized/668c006d-ae53-42c9-a100-0566a8d466ec/masque-lamps-by-giocometti-bros-3353', 'https://chairish-prod.freetls.fastly.net/image/product/sized/c21d560a-e060-4c6c-9c37-70d7a80aa40f/masque-lamps-by-giocometti-bros-8333']",Lighting,Lamps,,9,28,9,"San Francisco, CA"
3442133,Mid-Century Rosewood Chair,"A stunning trio of three Mid-Century lounge chairs with auspicious horseshoe style back and carved splats.  Made from rosewood with a beautifully restored finish.  Bentwood splats feature celestial carvings of clouds, scrolling tracery and dragons.   Buy one or all three.  Matching sofa available.   An excellent chair alone or stunning as  suite in a your formal living room.  Sturdy well made.",1280,,"['https://chairish-prod.freetls.fastly.net/image/product/sized/9a5861bf-7a6f-4eaf-b18e-034d332e8416/mid-century-rosewood-chair-6616', 'https://chairish-prod.freetls.fastly.net/image/product/sized/24e2d247-e697-4fc3-b91f-9a424c0bf774/mid-century-rosewood-chair-7635', 'https://chairish-prod.freetls.fastly.net/image/product/sized/35247839-0ba2-4b54-976e-2e78e697c67e/mid-century-rosewood-chair-2202', 'https://chairish-prod.freetls.fastly.net/image/product/sized/88415993-f926-4935-b6f3-d59d31b6e638/mid-century-rosewood-chair-9451', 'https://chairish-prod.freetls.fastly.net/image/product/sized/ad1112cd-d5ed-45aa-8976-a18f852d5f34/mid-century-rosewood-chair-0150', 'https://chairish-prod.freetls.fastly.net/image/product/sized/2778692e-ed1e-4ff3-bba1-6a44f4a2a4b3/mid-century-rosewood-chair-9995', 'https://chairish-prod.freetls.fastly.net/image/product/sized/9a5861bf-7a6f-4eaf-b18e-034d332e8416/mid-century-rosewood-chair-6616']",Furniture,Seating,,28,27,24,"San Francisco, CA"
12976286,Mid 20th Century Pair of Chinese Garden Stools,A beautiful pair of Chinese export garden stools c. 1950s.  Beautiful shades of blue from midnight to purple.  Spectacular muted mottled finish.  Sold as a pair.  Perfect tables or seating.  No chips or crackling.,1800,,"['https://chairish-prod.freetls.fastly.net/image/product/sized/ca3f03a0-5059-42cb-998c-7bf0448f6cc2/mid-20th-century-pair-of-chinese-garden-stools-0486', 'https://chairish-prod.freetls.fastly.net/image/product/sized/2430441b-0ed1-4d36-90ff-60926bd71a9a/mid-20th-century-pair-of-chinese-garden-stools-5191', 'https://chairish-prod.freetls.fastly.net/image/product/sized/7e45436f-22fe-48d1-b99d-aff3e1e2344c/mid-20th-century-pair-of-chinese-garden-stools-3871', 'https://chairish-prod.freetls.fastly.net/image/product/sized/ca3f03a0-5059-42cb-998c-7bf0448f6cc2/mid-20th-century-pair-of-chinese-garden-stools-0486']",Outdoor,Patio & Garden Furniture,,13,18,13,"San Francisco, CA"
2264750,Perfectly Sculpted Art Nuevo Chaise,Art Nouveau Bentwood Chaise Lounge with perfect caning..  Brass plaque indicating Gruau Barcelona an old Hotel.  A perfect sculpture for your entry or curated living space.  An exceptional and comfortable example of timeless Art Neuvo elegance with whiplash curves and organic tendrils.  Works well with a Gitane or boho aesthetic as well as more design focused and minimal spaces.,2700,"3,800","['https://chairish-prod.freetls.fastly.net/image/product/sized/10d0149e-76b2-4847-9df3-6fb03ded9a2a/perfectly-sculpted-art-nuevo-chaise-0281', 'https://chairish-prod.freetls.fastly.net/image/product/sized/76e84042-a97c-4be5-8085-f9000d8dbcae/perfectly-sculpted-art-nuevo-chaise-9824', 'https://chairish-prod.freetls.fastly.net/image/product/sized/c17ac76a-6c58-4462-90c5-87df1dcd250f/perfectly-sculpted-art-nuevo-chaise-4652', 'https://chairish-prod.freetls.fastly.net/image/product/sized/2beb74b4-4d40-4876-897b-9b2bfa28a189/perfectly-sculpted-art-nuevo-chaise-5536', 'https://chairish-prod.freetls.fastly.net/image/product/sized/508e6f98-3541-4993-a5f5-079fd9e6eeff/perfectly-sculpted-art-nuevo-chaise-9207', 'https://chairish-prod.freetls.fastly.net/image/product/sized/10d0149e-76b2-4847-9df3-6fb03ded9a2a/perfectly-sculpted-art-nuevo-chaise-0281']",Furniture,Seating,,64,43,23,"San Francisco, CA"
2964761,Wood & Metal Ziggurat Floor Lamp,"Architectural floor lam in wood and metal by Santa Monica artist Dan Abramson.  A beautiful marriage of art and craft is apparent in this beautiful Memphis inspired postmodern floor lamp.  Standing a whopping 84 inches, this beautiful lamp evokes a beautiful sunrise.  A ziggurat shaped base proves a sturdy base.  Canopy made of repurposed tin panels.",1400,,"['https://chairish-prod.freetls.fastly.net/image/product/sized/b28c2dc0-8cfd-4186-9403-68fe3c89d1ad/wood-and-metal-ziggurat-floor-lamp-6300', 'https://chairish-prod.freetls.fastly.net/image/product/sized/ee06cba4-5601-4600-99f3-c1800b7e71ce/wood-and-metal-ziggurat-floor-lamp-6406', 'https://chairish-prod.freetls.fastly.net/image/product/sized/06e1b9dd-9dfb-434b-8ed4-5ea61c3a66ba/wood-and-metal-ziggurat-floor-lamp-2717', 'https://chairish-prod.freetls.fastly.net/image/product/sized/66952f55-634f-46cc-a6c8-a4dc5278baac/wood-and-metal-ziggurat-floor-lamp-5221', 'https://chairish-prod.freetls.fastly.net/image/product/sized/502976c0-b7a6-40c3-b34f-87d83dc7349e/wood-and-metal-ziggurat-floor-lamp-8257', 'https://chairish-prod.freetls.fastly.net/image/product/sized/070f149d-e975-4bba-ba0a-f4c08520fde8/wood-and-metal-ziggurat-floor-lamp-7904', 'https://chairish-prod.freetls.fastly.net/image/product/sized/63573c72-af13-45bf-aa89-2bf7fd1d5873/wood-and-metal-ziggurat-floor-lamp-3740', 'https://chairish-prod.freetls.fastly.net/image/product/sized/22d751a8-c6ec-4f4d-b535-f3e1b4028403/wood-and-metal-ziggurat-floor-lamp-1815', 'https://chairish-prod.freetls.fastly.net/image/product/sized/b28c2dc0-8cfd-4186-9403-68fe3c89d1ad/wood-and-metal-ziggurat-floor-lamp-6300']",Lighting,Lamps,Dan Abramson,17,84,8,"San Francisco, CA"
2264748,Andrew Delfino Caned Venetian Settee,"Highly carved Bench / Sofa by SF designer Andrew Delfino, c. Cane back and seat. Hand carved c. 1960 Sofa has been recaned and has no damage. A stunning piece of furniture, quality through and through. Generous length perfect for a grand entry, a cozy nook, sunroom or covered loggia.",3800,"4,800","['https://chairish-prod.freetls.fastly.net/image/product/sized/86f8c715-ac67-4f5d-a00f-ec41d7e4f823/andrew-delfino-caned-venetian-settee-6686', 'https://chairish-prod.freetls.fastly.net/image/product/sized/60cfeff2-b7a3-4311-9e91-0e242ed075a7/andrew-delfino-caned-venetian-settee-7018', 'https://chairish-prod.freetls.fastly.net/image/product/sized/84422267-7d68-490f-933e-7d656fa15525/andrew-delfino-caned-venetian-settee-4562', 'https://chairish-prod.freetls.fastly.net/image/product/sized/d6a825d9-50c7-4239-9d5e-d2c09b1d156a/andrew-delfino-caned-venetian-settee-1181', 'https://chairish-prod.freetls.fastly.net/image/product/sized/86f8c715-ac67-4f5d-a00f-ec41d7e4f823/andrew-delfino-caned-venetian-settee-6686']",Furniture,Seating,,88,38,24,"San Francisco, CA"
3057985,Mid 19th Century English Gilt Mirror,"A stunning gilt mirrors from an English Manor. Beautiful baroque columns with entwined grape leaves, gilt in original condition with original glass. Beautifully patinated glass in a striking arch frame with extra wide molding. 2 available in shop",2800,,"['https://chairish-prod.freetls.fastly.net/image/product/sized/723921dd-4a14-432a-8b76-809ea3aade7d/mid-19th-century-english-gilt-mirror-2834', 'https://chairish-prod.freetls.fastly.net/image/product/sized/c21dcc11-862b-457b-8c7f-477339060062/mid-19th-century-english-gilt-mirror-2871', 'https://chairish-prod.freetls.fastly.net/image/product/sized/4aeb2050-c71f-430c-a054-5bf99dd6fb59/mid-19th-century-english-gilt-mirror-6502', 'https://chairish-prod.freetls.fastly.net/image/product/sized/745298c4-c1d0-4d62-be1c-7708eb5a2d59/mid-19th-century-english-gilt-mirror-0729', 'https://chairish-prod.freetls.fastly.net/image/product/sized/2c47b679-8ab4-4471-a54f-65cfdaaf8a3e/mid-19th-century-english-gilt-mirror-9973', 'https://chairish-prod.freetls.fastly.net/image/product/sized/3eff5912-b22d-41d4-9cf4-021a1b177c53/mid-19th-century-english-gilt-mirror-3361', 'https://chairish-prod.freetls.fastly.net/image/product/sized/ddee41e5-a2de-410c-94b4-8b3758decd62/mid-19th-century-english-gilt-mirror-7887', 'https://chairish-prod.freetls.fastly.net/image/product/sized/2c88e439-f9b6-4c5c-a2ec-026a55b4dbe8/mid-19th-century-english-gilt-mirror-3239', 'https://chairish-prod.freetls.fastly.net/image/product/sized/723921dd-4a14-432a-8b76-809ea3aade7d/mid-19th-century-english-gilt-mirror-2834']",Decor,Room Accents & Accessories,,45,56,10,"San Francisco, CA"
2984910,Late 20th Century Architectural Wall Mount Console,"A genius wall mount console design by Santa Monica artist Dan Abramson.   Made from a repurposed window frame, this sturdy wall console mounts easily with two screws.  Perfect as a plant display under a window, an entry table, bedside table or anywhere you need additional surface area.  Geometric base gives an architectural sophistication to this well thought out design.  Combine with other Dan Abramson pieces for a truly unique and charming garden / plant room.",800,,"['https://chairish-prod.freetls.fastly.net/image/product/sized/9e8357e8-2a88-4d8d-b049-905af6056d75/late-20th-century-architectural-wall-mount-console-3127', 'https://chairish-prod.freetls.fastly.net/image/product/sized/77e9365a-e22c-49ea-b0ba-2ceb3aa7d239/late-20th-century-architectural-wall-mount-console-2644', 'https://chairish-prod.freetls.fastly.net/image/product/sized/56120005-2016-4971-bf50-96585e591d6a/late-20th-century-architectural-wall-mount-console-5715', 'https://chairish-prod.freetls.fastly.net/image/product/sized/a50c1860-504f-4a3b-9fb6-f91533f519e0/late-20th-century-architectural-wall-mount-console-5541', 'https://chairish-prod.freetls.fastly.net/image/product/sized/33ee1ab0-7144-44d6-89a8-f79e3613f0bd/late-20th-century-architectural-wall-mount-console-0635', 'https://chairish-prod.freetls.fastly.net/image/product/sized/6ff13f83-c002-4170-9012-f2f4207034f2/late-20th-century-architectural-wall-mount-console-2341', 'https://chairish-prod.freetls.fastly.net/image/product/sized/b33c864c-33a5-4c56-a744-c9983d21144b/late-20th-century-architectural-wall-mount-console-7293', 'https://chairish-prod.freetls.fastly.net/image/product/sized/8bd7925b-adeb-4a54-ae83-dafb796318fa/late-20th-century-architectural-wall-mount-console-3900', 'https://chairish-prod.freetls.fastly.net/image/product/sized/9e8357e8-2a88-4d8d-b049-905af6056d75/late-20th-century-architectural-wall-mount-console-3127']",Decor,Room Accents & Accessories,Dan Abramson,30,20,19,"San Francisco, CA"
2264778,Morrisson Cartier Table Lamp,Incredibly rare Modernist table lamp in bronze with faceted jewel shade consisting of 40 pieces of cut glass.  Manufactured and designed by Morrison Lighting c. 1980,3800,"5,200","['https://chairish-prod.freetls.fastly.net/image/product/sized/beaddf69-0747-477f-9747-4bba73cc5674/morrisson-cartier-table-lamp-7110', 'https://chairish-prod.freetls.fastly.net/image/product/sized/4b293267-6a3f-463c-8c11-cb4068f294c3/morrisson-cartier-table-lamp-8476', 'https://chairish-prod.freetls.fastly.net/image/product/sized/32aa07ac-7ad8-4071-b2c4-b1300d50c6ab/morrisson-cartier-table-lamp-3876', 'https://chairish-prod.freetls.fastly.net/image/product/sized/beaddf69-0747-477f-9747-4bba73cc5674/morrisson-cartier-table-lamp-7110']",Lighting,Lamps,,18,26,18,"San Francisco, CA"
2984924,1980s Dan Abramson Postmodern Light and Lyrical Wall Console,"A master stroke in architectural woodwork.  A wood and polychrome wall console that doesn&#x27;t take itself too seriously.  Designed and built by Santa Monica artist Dan Abramson.  Easily wall mounts with two screws.  Very sturdy and stable.  Perfect as a sideboard, bar, plant display or entry console.  A wonderful piece that will easily adapt to a multitude of situations.",700,,"['https://chairish-prod.freetls.fastly.net/image/product/sized/2368d315-6231-40b2-82c9-493a273b8740/1980s-dan-abramson-postmodern-light-and-lyrical-wall-console-2853', 'https://chairish-prod.freetls.fastly.net/image/product/sized/4f0b9818-f0b8-4b24-9a1f-31818e41a4e5/1980s-dan-abramson-postmodern-light-and-lyrical-wall-console-1745', 'https://chairish-prod.freetls.fastly.net/image/product/sized/e0212813-0d81-454a-8344-8cb64d2bc66d/1980s-dan-abramson-postmodern-light-and-lyrical-wall-console-4942', 'https://chairish-prod.freetls.fastly.net/image/product/sized/e5034268-0cb8-429b-a395-b4a20f1518f4/1980s-dan-abramson-postmodern-light-and-lyrical-wall-console-7256', 'https://chairish-prod.freetls.fastly.net/image/product/sized/e0287538-154a-4dcf-aff5-948f8738595f/1980s-dan-abramson-postmodern-light-and-lyrical-wall-console-4826', 'https://chairish-prod.freetls.fastly.net/image/product/sized/aa13d770-c416-4cd4-b53e-4da6951f6c25/1980s-dan-abramson-postmodern-light-and-lyrical-wall-console-9809', 'https://chairish-prod.freetls.fastly.net/image/product/sized/9da2a613-6279-4b75-a136-0c48bb95cde7/1980s-dan-abramson-postmodern-light-and-lyrical-wall-console-4155', 'https://chairish-prod.freetls.fastly.net/image/product/sized/664aa5e0-ab76-45a7-b4c6-d063c8581043/1980s-dan-abramson-postmodern-light-and-lyrical-wall-console-2180', 'https://chairish-prod.freetls.fastly.net/image/product/sized/2368d315-6231-40b2-82c9-493a273b8740/1980s-dan-abramson-postmodern-light-and-lyrical-wall-console-2853']",Furniture,Tables,Dan Abramson,32,15,14,"San Francisco, CA"
2964778,Postmodern Metal & Wood Lamp,One of a beautiful trio of handcrafted lamps by artist Dan Abramson.  80s postmodernism as exemplified by the koooky craftsmanship of one of Santa Monica&#x27;s favorite designers.  Art meets craft in this long and lean work of art.  Lighting with style.,1200,,"['https://chairish-prod.freetls.fastly.net/image/product/sized/ce606e3e-e5d6-43d6-8ddf-ecf5d07e27eb/postmodern-metal-and-wood-lamp-7291', 'https://chairish-prod.freetls.fastly.net/image/product/sized/422c9087-0438-4ecf-a955-3bbd90b707e5/postmodern-metal-and-wood-lamp-5107', 'https://chairish-prod.freetls.fastly.net/image/product/sized/edc26922-f886-440f-a45c-4e52bbc60607/postmodern-metal-and-wood-lamp-5604', 'https://chairish-prod.freetls.fastly.net/image/product/sized/4809d338-8b4a-4338-b733-317b24e54628/postmodern-metal-and-wood-lamp-9116', 'https://chairish-prod.freetls.fastly.net/image/product/sized/ad194b2f-ce23-4117-a286-3c8e277b931c/postmodern-metal-and-wood-lamp-9263', 'https://chairish-prod.freetls.fastly.net/image/product/sized/3e3a174a-563a-4145-9378-d11a4b5438ed/postmodern-metal-and-wood-lamp-0673', 'https://chairish-prod.freetls.fastly.net/image/product/sized/32e03d7b-ee28-4bd2-a6b6-4a63f64bda90/postmodern-metal-and-wood-lamp-0747', 'https://chairish-prod.freetls.fastly.net/image/product/sized/ce606e3e-e5d6-43d6-8ddf-ecf5d07e27eb/postmodern-metal-and-wood-lamp-7291']",Lighting,Lamps,Dan Abramson,14,67,11,"San Francisco, CA"
2264776,Satelite Style Floor Lamp,"Satelite style floor lamp with 6 radiating bulbs in a stunning patinated bronze finish, custom made by Casella, c.  1970s  (15&quot; diameter with bulbs)",850,"1,800","['https://chairish-prod.freetls.fastly.net/image/product/sized/c33425b5-cd4c-4905-86d2-4f31c7b75cee/satelite-style-floor-lamp-6683', 'https://chairish-prod.freetls.fastly.net/image/product/sized/9f0b002a-41a8-4898-8030-21790e0ea168/satelite-style-floor-lamp-0145', 'https://chairish-prod.freetls.fastly.net/image/product/sized/86fe9b53-7b6e-407a-8501-fd37de3a2532/satelite-style-floor-lamp-5789', 'https://chairish-prod.freetls.fastly.net/image/product/sized/c33425b5-cd4c-4905-86d2-4f31c7b75cee/satelite-style-floor-lamp-6683']",Lighting,Lamps,Casella,10,54,10,"San Francisco, CA"
2890728,1950s Carl Auböck Live Edge Biomorphic Tables - a Pair,"A beautiful pair of Auböck tables in his indelible Haute Alpes style. Brought from Switzerland exclusively for Maison Lobo. Use in tandem or end to end when length matters. The perfect table for a Napa inspired retreat or a Chalet modern effect. So evocative of Zermat or Les Arcs, The perfect blend of nature and nurture in live edge Austrian Yew with stealthy Iron legs. 

Table A: 52.25 W x 16.5 D x 12.75 H
Table B: 48.75 W x 12.75 D x 12.75 H",7500,,"['https://chairish-prod.freetls.fastly.net/image/product/sized/6ec55f8b-182e-4fdd-bb76-dde0606f4525/1950s-carl-aubock-live-edge-biomorphic-tables-a-pair-0470', 'https://chairish-prod.freetls.fastly.net/image/product/sized/28988eaf-af25-416f-9152-f1a0688dcc46/1950s-carl-aubock-live-edge-biomorphic-tables-a-pair-6228', 'https://chairish-prod.freetls.fastly.net/image/product/sized/d8958f0d-b999-42ad-bbfc-8eaaeba4da94/1950s-carl-aubock-live-edge-biomorphic-tables-a-pair-5652', 'https://chairish-prod.freetls.fastly.net/image/product/sized/cc48c267-d118-4a2f-b575-8b8e4e9a9e4a/1950s-carl-aubock-live-edge-biomorphic-tables-a-pair-8047', 'https://chairish-prod.freetls.fastly.net/image/product/sized/4df7084c-82fd-4d50-8f7a-82b9e13f5cea/1950s-carl-aubock-live-edge-biomorphic-tables-a-pair-8334', 'https://chairish-prod.freetls.fastly.net/image/product/sized/3fb6d6e5-9823-4964-b537-4f537fd7227b/1950s-carl-aubock-live-edge-biomorphic-tables-a-pair-5885', 'https://chairish-prod.freetls.fastly.net/image/product/sized/a9f95273-de08-42ef-ad66-9e6e0a5f86e4/1950s-carl-aubock-live-edge-biomorphic-tables-a-pair-0174', 'https://chairish-prod.freetls.fastly.net/image/product/sized/6ec55f8b-182e-4fdd-bb76-dde0606f4525/1950s-carl-aubock-live-edge-biomorphic-tables-a-pair-0470']",Furniture,Tables,Carl Auböck,52,12,16,"San Francisco, CA"
7040924,Vintage Modernist Italian Stool in the Style of Carlo Scarpa,"A trio of beautifully restored stools in the manner of Carlo Scarpa.  Manufactured by venerated Italian workshops of ISA International.  A pedestal base supported by four steel openwork arms that seem to levitate on highly polished, caste brass adjustable feet.  Upholstered in a textured, mossy green fabric to the original specifications.  Perfectly at home in any Carlo Scarpa structure. Amply filled cushions for a comfortable seat.  Use as occasional seating, bunch together and use as a coffee table.",895,,"['https://chairish-prod.freetls.fastly.net/image/product/sized/25f57c1e-e9cc-455f-9410-be2dbb666746/vintage-modernist-italian-stool-in-the-style-of-carlo-scarpa-0787', 'https://chairish-prod.freetls.fastly.net/image/product/sized/24c48e5c-1e4a-48ff-a7a1-6899221a1b15/vintage-modernist-italian-stool-in-the-style-of-carlo-scarpa-3727', 'https://chairish-prod.freetls.fastly.net/image/product/sized/6fa62738-2b22-41b2-91bc-6c43555ae199/vintage-modernist-italian-stool-in-the-style-of-carlo-scarpa-1001', 'https://chairish-prod.freetls.fastly.net/image/product/sized/1b6fd1d9-1184-49a6-bc71-a3b509ee2e5e/vintage-modernist-italian-stool-in-the-style-of-carlo-scarpa-9132', 'https://chairish-prod.freetls.fastly.net/image/product/sized/463ea134-5aee-4438-922c-044b09d0ce23/vintage-modernist-italian-stool-in-the-style-of-carlo-scarpa-4416', 'https://chairish-prod.freetls.fastly.net/image/product/sized/25f57c1e-e9cc-455f-9410-be2dbb666746/vintage-modernist-italian-stool-in-the-style-of-carlo-scarpa-0787']",Furniture,Seating,ISA International Inc.,14,20,14,"San Francisco, CA"
7177285,1980s Verner Panton Reinterpreted Side Chair,"A Panton classic reinterpreted in fabric by Thayer Coggin.  Upholstered in a damask, but would look incredible reinterpreted in velvet.",1100,,"['https://chairish-prod.freetls.fastly.net/image/product/sized/ba468c32-06f7-49c6-81cc-a1cc9c2798fa/1980s-verner-panton-reinterpreted-side-chair-2333', 'https://chairish-prod.freetls.fastly.net/image/product/sized/02eec257-19ca-41bc-9856-1b09459740d9/1980s-verner-panton-reinterpreted-side-chair-6571', 'https://chairish-prod.freetls.fastly.net/image/product/sized/c2ccc652-3f68-4167-9439-d702a1e05d3e/1980s-verner-panton-reinterpreted-side-chair-8323', 'https://chairish-prod.freetls.fastly.net/image/product/sized/e4aa0ab4-3b8d-46be-bd27-819339ae6dfa/1980s-verner-panton-reinterpreted-side-chair-2772', 'https://chairish-prod.freetls.fastly.net/image/product/sized/ea094368-5dcf-4edd-9662-c6e001e1a2b7/1980s-verner-panton-reinterpreted-side-chair-5859', 'https://chairish-prod.freetls.fastly.net/image/product/sized/15c4b39f-54fc-45ce-a95f-dd3debb44ead/1980s-verner-panton-reinterpreted-side-chair-9900', 'https://chairish-prod.freetls.fastly.net/image/product/sized/ba468c32-06f7-49c6-81cc-a1cc9c2798fa/1980s-verner-panton-reinterpreted-side-chair-2333']",Furniture,Seating,Thayer Coggin,20,39,20,"San Francisco, CA"
